,resname,Q3,Q8
0,N,C,C
1,F,C,C
2,M,E,E
3,L,E,E
4,T,E,E
5,Q,C,C
6,P,C,C
7,H,C,C
8,S,E,E
9,V,E,E
10,S,C,E
11,E,C,C
12,S,C,C
13,P,C,T
14,G,C,T
15,K,C,C
16,T,E,E
17,V,E,E
18,T,E,E
19,I,E,E
20,S,E,E
21,C,E,E
22,T,E,E
23,R,C,E
24,S,C,C
25,S,C,T
26,G,C,S
27,S,C,C
28,I,E,E
29,A,C,E
30,S,C,E
31,N,C,E
32,Y,E,E
33,V,E,E
34,Q,E,E
35,W,E,E
36,Y,E,E
37,Q,E,E
38,Q,C,E
39,R,C,C
40,P,C,T
41,G,C,T
42,S,C,S
43,A,C,C
44,P,C,C
45,T,C,E
46,T,E,E
47,V,E,E
48,I,E,E
49,Y,E,E
50,E,E,E
51,Y,E,E
52,Y,E,E
53,R,E,E
54,R,C,C
55,P,C,C
56,S,C,T
57,G,C,S
58,V,C,C
59,P,C,C
60,D,C,C
61,R,C,E
62,F,E,E
63,S,E,E
64,G,E,E
65,S,E,E
66,I,E,E
67,D,E,E
68,S,C,T
69,S,C,T
70,S,C,S
71,N,C,S
72,S,C,E
73,A,E,E
74,S,E,E
75,L,E,E
76,T,E,E
77,I,E,E
78,S,E,E
79,G,C,E
80,L,C,C
81,K,C,C
82,T,C,C
83,E,C,T
84,D,C,T
85,E,C,C
86,A,C,C
87,D,C,E
88,Y,E,E
89,Y,E,E
90,C,E,E
91,Q,E,E
92,S,E,E
93,Y,E,E
94,D,C,C
95,V,C,C
96,S,C,T
97,N,C,C
98,P,C,C
99,D,C,T
100,W,E,E
101,V,E,E
102,F,E,E
103,G,C,E
104,G,C,E
105,G,C,C
106,T,C,E
107,K,E,E
108,L,E,E
109,T,E,E
110,V,E,E
111,L,C,C
